Id,ApproxTimeToRead,CreatedAt,Description,File,Slug,Title,WordCount,Images
1,PT1M,01/26/2015 10:34:00,Things that I did in the past but forgot to write about and starting this blog for the same reason...,content.md,stuff-from-the-past,Stuff from the Past,355,/store/48-my-personal-computing-setup/img.cover.jpeg
2,PT0S,02/04/2015 17:32:00,Sorry Windows... See you later,content.md,leaving-a-customer-tailored-operating-system,Leaving a Customer Tailored Operating System,191,/store/48-my-personal-computing-setup/img.cover.jpeg
3,PT0S,02/20/2015 20:54:00,Experience with Ubuntu. Small post.,content.md,starting-to-like-ubuntu,Starting to like Ubuntu,134,/store/48-my-personal-computing-setup/img.cover.jpeg
4,PT1M,03/01/2015 16:33:00,RealTalk,content.md,the-real-me,The Real Me,361,/store/48-my-personal-computing-setup/img.cover.jpeg
5,PT2M,03/08/2015 23:19:00,Get your linux on.,content.md,solving-a-few-issues,Solving a few Issues,669,/store/48-my-personal-computing-setup/img.cover.jpeg
6,PT2M,04/03/2015 00:01:00,"Let's see what I've been doing... Oh, and my windows isn't working 😂",content.md,a-nice-adventure,A Nice Adventure,523,/store/48-my-personal-computing-setup/img.cover.jpeg
7,PT0S,04/03/2015 00:22:00,Just a quick update about what went down.,content.md,update-x27-a-nice-adventure-x27,"Update: A Nice Adventure""""",125,/store/48-my-personal-computing-setup/img.cover.jpeg
8,PT1M,04/04/2015 20:18:00,Some networking stuff here...,content.md,networking,Networking,293,/store/48-my-personal-computing-setup/img.cover.jpeg
9,PT0S,04/18/2015 23:40:00,Just chillin',content.md,what-to-do,What to do?,195,/store/48-my-personal-computing-setup/img.cover.jpeg
10,PT1M,05/16/2015 22:57:00,What's up?,content.md,have-been-busy,Have Been Busy,389,/store/48-my-personal-computing-setup/img.cover.jpeg
11,PT0S,05/17/2015 19:52:00,Some YouTube recommendations for you.,content.md,recommended-channels,Recommended Channels,108,/store/48-my-personal-computing-setup/img.cover.jpeg
12,PT0S,06/20/2015 16:18:00,Just busy with college work... 😫,content.md,been-busy,Been Busy,164,/store/48-my-personal-computing-setup/img.cover.jpeg
13,PT3M,07/02/2015 00:12:00,And the first year of college comes to a close...,content.md,first-year-complete-almost,"First Year Complete, Almost",724,/store/48-my-personal-computing-setup/img.cover.jpeg
14,PT0S,09/18/2015 19:18:00,Moving this blog to a new home..,content.md,moving,Moving...,70,/store/48-my-personal-computing-setup/img.cover.jpeg
15,PT0S,12/14/2015 18:40:00,Things that I'm doing these days.,content.md,catching-up,Catching up...,216,/store/48-my-personal-computing-setup/img.cover.jpeg
16,PT0S,02/14/2016 23:26:04,Some UWP magic for ya. Get the accent color of the machine with this small snippet...,content.md,getting-reference-to-the-accent-color,Getting reference to the Accent Color,220,/store/48-my-personal-computing-setup/img.cover.jpeg
17,PT1M,05/05/2016 09:40:00,Today I wrote some C++ ,content.md,the-timer-class,The Timer Class,340,/store/48-my-personal-computing-setup/img.cover.jpeg
18,PT1M,08/07/2016 01:42:00,"Well, if you're starting to use a new Linux machine, prolly go through this...",content.md,things-x2-f-x2-f-to-do-right-after-you-install-a-linux-distro,Things //To Do right after you install a Linux Distro,381,/store/48-my-personal-computing-setup/img.cover.jpeg
19,PT1M,08/13/2017 22:47:08,What the hell have I been upto? Where was I all this while?,content.md,where-have-i-been,Where have I been?,328,/store/48-my-personal-computing-setup/img.cover.jpeg
20,PT4M,08/24/2017 12:21:26,How did I do in my college interview and landed my first job! 🥳,content.md,my-interview-experience,My Interview Experience,1073,/store/48-my-personal-computing-setup/img.cover.jpeg
21,PT2M,08/30/2017 20:29:17,Uh... Just my advice about campus placements...,content.md,so-how-did-i-do,"So, how did I do?",569,/store/48-my-personal-computing-setup/img.cover.jpeg
22,PT2M,07/05/2018 00:47:00,WOW. These four years went past real fast.,content.md,four-unexplainable-years,Four Unexplainable Years,570,/store/48-my-personal-computing-setup/img.cover.jpeg
23,PT1M,11/21/2018 08:13:05,"Good ol' friends. Can't live with them, can't live without 'em...",content.md,friends,Friends,441,/store/48-my-personal-computing-setup/img.cover.jpeg
24,PT1M,01/23/2019 13:12:37,What can our dreams tell about us?,content.md,understanding-your-dreams,Understanding your Dreams,404,/store/48-my-personal-computing-setup/img.cover.jpeg
25,PT2M,01/27/2019 20:21:48,I should discuss my love-hate relationship. You're gonna wanna listen to this... 😂,content.md,my-love-hate-relationship,My Love-Hate Relationship,461,/store/48-my-personal-computing-setup/img.cover.jpeg
26,PT2M,02/02/2019 06:10:00,Just calm down sir...,content.md,failure,Failure,547,/store/48-my-personal-computing-setup/img.cover.jpeg
27,PT1M,03/20/2019 23:53:10,"Oh, damn that was close. Missed by that much...",content.md,that-mini-heart-attack,That Mini-Heart Attack,319,/store/48-my-personal-computing-setup/img.cover.jpeg
28,PT0S,04/03/2019 17:44:00,NVM,content.md,the-game-of-life,The game of life,123,/store/48-my-personal-computing-setup/img.cover.jpeg
29,PT1M,04/29/2019 18:43:24,Do we really need Instant Messaging?,content.md,the-need-for-i-ms,The need for IMs,430,/store/48-my-personal-computing-setup/img.cover.jpeg
30,PT0S,05/20/2019 10:26:29,OOOH,content.md,the-post-that-cannot-be-posted,The Post that cannot be posted,14,/store/48-my-personal-computing-setup/img.cover.jpeg
31,PT1M,06/02/2019 20:17:00,Talking about our online presence and clearing my mind...,content.md,how-we-express-ourselves,How we express Ourselves,439,/store/48-my-personal-computing-setup/img.cover.jpeg
32,PT1M,06/14/2019 22:25:10,"Getting my regular needed sleep everyday, how tho?",content.md,maintaining-a-triphasic-sleep-cycle,Maintaining a triphasic sleep cycle,384,/store/48-my-personal-computing-setup/img.cover.jpeg
33,PT1M,10/17/2019 22:56:08,Just things on my mind,content.md,should-i-move-on,Should I move on?,248,/store/48-my-personal-computing-setup/img.cover.jpeg
34,PT0S,12/13/2019 07:58:45,HTTP 301: Redirecting this blog to a new home...,content.md,301,301,212,/store/48-my-personal-computing-setup/img.cover.jpeg
35,PT0S,05/21/2020 16:18:35,My first ever post? This is a new beginning. Just testing... 1. 2. 3...,content.md,first,First!,42,/store/48-my-personal-computing-setup/img.cover.jpeg
36,PT0S,07/11/2020 14:50:00,How does one go about doing CI-CD for monorepos. Just checking how I should manage CI in this portfolio project without creating unnecessary complications...,content.md,ci-for-monorepos,CI for monorepos?,171,/store/48-my-personal-computing-setup/img.cover.jpeg
37,PT4M,07/13/2020 17:21:02,"From the past couple of days, I've been working with Adonis V5. In fact, this site's API is being written with Adonis V5. It's a really cool and feature-packed Framework for node...",content.md,adonis-v5-writing-your-first-custom-provider,Adonis V5: Writing your first custom provider!,975,/store/48-my-personal-computing-setup/img.cover.jpeg
38,PT5M,07/22/2020 00:25:37,Finally! Let's add TypeScript to an exising Sapper project,content.md,adding-type-script-to-sapper-projects,Adding TypeScript to Sapper Projects,1326,/store/48-my-personal-computing-setup/img.cover.jpeg
39,PT1M,09/30/2020 11:44:56,"Let's allow for some interactions... Enter, comments.",content.md,hello-comments,Hello comments!,391,/store/48-my-personal-computing-setup/img.cover.jpeg
40,PT2M,11/22/2020 10:41:35,Let's create isolated VSCode profiles. Also understanding how to migrate settings and extensions from old profile.,content.md,custom-vscode-profiles,Custom VSCode Profiles + Migrating old ones,546,/store/48-my-personal-computing-setup/img.cover.jpeg
41,PT0S,01/16/2021 14:17:56,Achievement unlocked. AZ900. Let's discuss what you need to know to get this certification.,content.md,cert-az900,Got my first Cloud Certification,1,/store/48-my-personal-computing-setup/img.cover.jpeg
42,PT2M,01/31/2021 17:28:47,Quick update on my french language journey after 'trois cent jours',content.md,french-300-days,300 Days of French,548,/store/48-my-personal-computing-setup/img.cover.jpeg
43,PT3M,02/10/2021 16:59:00,I hosted my website on a custom domain. So what exactly did I do? And what did I learn?,content.md,host-on-custom-domain,I hosted my website on a custom domain!,775,/store/48-my-personal-computing-setup/img.cover.jpeg
44,PT1M,05/14/2021 18:37:04,Created an npm package to generate template files for documentation,content.md,documenting-dotenv-files-for-nodejs-projects,Documenting .env files for nodejs Projects,416,/store/48-my-personal-computing-setup/img.cover.jpeg
45,PT5M,05/23/2021 13:42:40,How do I validate properties on an object where references to other properties is required?,content.md,referential-data-validations-with-yupjs,Referential Data Validations with yupjs,1226,/store/48-my-personal-computing-setup/img.cover.jpeg
46,PT4M,06/18/2021 04:41:09,Let's see how to create smaller docker images for all your projects,content.md,downsizing-docker-images,Downsizing Docker Images (~20X Improvement),1100,/store/48-my-personal-computing-setup/img.cover.jpeg
47,PT0S,06/23/2021 13:46:45,"I created my first VSCode Extension, and here is what I learned.",content.md,learnings-from-my-first-vscode-extension,Learnings from creating my first VSCode Extension,0,https://images.unsplash.com/photo-1619369464937-612eb8b47d17
48,PT4M,07/18/2021 11:47:03,Let's see how I've configured my PC build with all the bells and whistles I need,content.md,my-personal-computing-setup,My Personal Computing Setup,1117,/img/personal-computing-cover.webp
49,PT6M,07/25/2021 11:20:52,"Software Versioning is something we all must do. Let's checkout the basics, and also, GitVersion.",content.md,software-versioning-an-intro-with-gitversion,Software Versioning - An Introduction with GitVersion,1431,https://images.unsplash.com/photo-1619369464529-fb194de62e9b
